INSERT INTO roles (name) VALUES ('ADMIN'), ('MEMBER');
INSERT INTO users (id, email, password, first_name, middle_name, last_name, date_birth, gender) VALUES (1, 'burdukowskystas@gmail.com', '$2a$10$tYp8Q3ujZXSpM.d6xy6jaueLy/XSFVLaj6ms16xU2wnQ24UfT1dBe', 'Станислав', 'Олегович', 'Бурдуковский', '1995-04-02', 'MALE');
INSERT INTO users (id, email, password, first_name, middle_name, last_name, date_birth, gender) VALUES (2, 'member@example.com', '$2a$10$tYp8Q3ujZXSpM.d6xy6jaueLy/XSFVLaj6ms16xU2wnQ24UfT1dBe', 'Member', null, 'User', '1995-04-02', 'FEMALE');
INSERT INTO users (id, email, password, first_name, middle_name, last_name, date_birth, gender) VALUES (3, 'admin@example.com', '$2a$10$tYp8Q3ujZXSpM.d6xy6jaueLy/XSFVLaj6ms16xU2wnQ24UfT1dBe', 'Admin', null, 'User', '1995-04-02', 'UNKNOWN');
INSERT INTO users (id, email, password, first_name, middle_name, last_name, date_birth, gender) VALUES (4, 'john.doe@example.com', '$2a$10$tYp8Q3ujZXSpM.d6xy6jaueLy/XSFVLaj6ms16xU2wnQ24UfT1dBe', 'John', null, 'Doe', '1995-04-02', 'MALE');
INSERT INTO users (id, email, password, first_name, middle_name, last_name, date_birth, gender) VALUES (5, 'john.roe@example.com', '$2a$10$tYp8Q3ujZXSpM.d6xy6jaueLy/XSFVLaj6ms16xU2wnQ24UfT1dBe', 'John', null, 'Roe', '1995-04-02', 'MALE');
INSERT INTO users (id, email, password, first_name, middle_name, last_name, date_birth, gender) VALUES (6, 'richard.roe@example.com', '$2a$10$tYp8Q3ujZXSpM.d6xy6jaueLy/XSFVLaj6ms16xU2wnQ24UfT1dBe', 'Richard', null, 'Roe', '1995-04-02', 'MALE');
INSERT INTO users (id, email, password, first_name, middle_name, last_name, date_birth, gender) VALUES (7, 'jane.doe@example.com', '$2a$10$tYp8Q3ujZXSpM.d6xy6jaueLy/XSFVLaj6ms16xU2wnQ24UfT1dBe', 'Jane', null, 'Doe', '1995-04-02', 'FEMALE');
INSERT INTO users (id, email, password, first_name, middle_name, last_name, date_birth, gender) VALUES (8, 'jane.roe@example.com', '$2a$10$tYp8Q3ujZXSpM.d6xy6jaueLy/XSFVLaj6ms16xU2wnQ24UfT1dBe', 'Jane', null, 'Roe', '1995-04-02', 'FEMALE');
INSERT INTO users (id, email, password, first_name, middle_name, last_name, date_birth, gender) VALUES (9, 'baby.doe@example.com', '$2a$10$tYp8Q3ujZXSpM.d6xy6jaueLy/XSFVLaj6ms16xU2wnQ24UfT1dBe', 'Baby', null, 'Doe', '1995-04-02', 'FEMALE');
INSERT INTO users (id, email, password, first_name, middle_name, last_name, date_birth, gender) VALUES (10, 'janie.doe@example.com', '$2a$10$tYp8Q3ujZXSpM.d6xy6jaueLy/XSFVLaj6ms16xU2wnQ24UfT1dBe', 'Janie', null, 'Doe', '1995-04-02', 'FEMALE');
INSERT INTO users (id, email, password, first_name, middle_name, last_name, date_birth, gender) VALUES (11, 'johnny.doe@example.com', '$2a$10$tYp8Q3ujZXSpM.d6xy6jaueLy/XSFVLaj6ms16xU2wnQ24UfT1dBe', 'Johnny', null, 'Doe', '1995-04-02', 'MALE');
INSERT INTO users (id, email, password, first_name, middle_name, last_name, date_birth, gender) VALUES (12, 'richard.doe@example.com', '$2a$10$tYp8Q3ujZXSpM.d6xy6jaueLy/XSFVLaj6ms16xU2wnQ24UfT1dBe', 'Richard', null, 'Doe', '1995-04-02', 'MALE');
INSERT INTO users (id, email, password, first_name, middle_name, last_name, date_birth, gender) VALUES (13, 'baby.roe@example.com', '$2a$10$tYp8Q3ujZXSpM.d6xy6jaueLy/XSFVLaj6ms16xU2wnQ24UfT1dBe', 'Baby', null, 'Roe', '1995-04-02', 'FEMALE');
INSERT INTO users (id, email, password, first_name, middle_name, last_name, date_birth, gender) VALUES (14, 'janie.roe@example.com', '$2a$10$tYp8Q3ujZXSpM.d6xy6jaueLy/XSFVLaj6ms16xU2wnQ24UfT1dBe', 'Janie', null, 'Roe', '1995-04-02', 'FEMALE');
INSERT INTO users (id, email, password, first_name, middle_name, last_name, date_birth, gender) VALUES (15, 'johnny.roe@example.com', '$2a$10$tYp8Q3ujZXSpM.d6xy6jaueLy/XSFVLaj6ms16xU2wnQ24UfT1dBe', 'Johnny', null, 'Roe', '1995-04-02', 'MALE');
INSERT INTO users_roles (user_id, role_name) VALUES (1, 'ADMIN');
INSERT INTO users_roles (user_id, role_name) VALUES (1, 'MEMBER');
INSERT INTO users_roles (user_id, role_name) VALUES (2, 'MEMBER');
INSERT INTO users_roles (user_id, role_name) VALUES (3, 'ADMIN');
INSERT INTO users_roles (user_id, role_name) VALUES (4, 'MEMBER');
INSERT INTO users_roles (user_id, role_name) VALUES (5, 'MEMBER');
INSERT INTO users_roles (user_id, role_name) VALUES (6, 'MEMBER');
INSERT INTO users_roles (user_id, role_name) VALUES (7, 'MEMBER');
INSERT INTO users_roles (user_id, role_name) VALUES (8, 'MEMBER');
INSERT INTO users_roles (user_id, role_name) VALUES (9, 'MEMBER');
INSERT INTO users_roles (user_id, role_name) VALUES (10, 'MEMBER');
INSERT INTO users_roles (user_id, role_name) VALUES (11, 'MEMBER');
INSERT INTO users_roles (user_id, role_name) VALUES (12, 'MEMBER');
INSERT INTO users_roles (user_id, role_name) VALUES (13, 'MEMBER');
INSERT INTO users_roles (user_id, role_name) VALUES (14, 'MEMBER');
INSERT INTO users_roles (user_id, role_name) VALUES (15, 'MEMBER');
INSERT INTO companies (id, name, description, owner_id) VALUES (1, 'Member Company', 'Test Desc', 2);
INSERT INTO companies (id, name, description, owner_id) VALUES (2, 'Stanislav Company', 'Test Desc', 1);
INSERT INTO companies (id, name, description, owner_id) VALUES (3, 'Stanislav Company 2', 'Test Desc', 1);
INSERT INTO categories (id, name, description) VALUES (1, 'Парикмахерские услуги', 'Описание');
INSERT INTO categories (id, name, description) VALUES (2, 'Педикюр', 'Описание');
INSERT INTO categories (id, name, description) VALUES (3, 'Массаж', 'Описание');
INSERT INTO categories (id, name, description) VALUES (4, 'Чистка лица', 'Описание');
INSERT INTO categories (id, name, description) VALUES (5, 'Фитнес', 'Описание');
INSERT INTO categories (id, name, description) VALUES (6, 'Пластическая хирургия', 'Описание');
INSERT INTO categories (id, name, description) VALUES (7, 'Консультации специалистов', 'Описание');
INSERT INTO categories (id, name, description) VALUES (8, 'Маникюр', 'Описание');
INSERT INTO categories (id, name, description) VALUES (9, 'Косметология', 'Описание');
INSERT INTO categories (id, name, description) VALUES (10, 'Солярий', 'Описание');
INSERT INTO categories (id, name, description) VALUES (11, 'Сауны', 'Описание');
INSERT INTO categories (id, name, description) VALUES (12, 'Стоматология', 'Описание');
INSERT INTO categories (id, name, description) VALUES (13, 'Оздоровительные процедуры', 'Описание');
INSERT INTO services (id, name, description, category_id) VALUES (1, 'Био-выпрямление волос', 'Описание', 1);
INSERT INTO services (id, name, description, category_id) VALUES (2, 'Био-завивка волос', 'Описание', 1);
INSERT INTO services (id, name, description, category_id) VALUES (3, 'Биоламинирование волос', 'Описание', 1);
INSERT INTO services (id, name, description, category_id) VALUES (4, 'Вечерние прически', 'Описание', 1);
INSERT INTO services (id, name, description, category_id) VALUES (5, 'Декапирование волос', 'Описание', 1);
INSERT INTO services (id, name, description, category_id) VALUES (6, 'Колорирование волос', 'Описание', 1);
INSERT INTO services (id, name, description, category_id) VALUES (7, 'Ламинирование волос', 'Описание', 1);
INSERT INTO services (id, name, description, category_id) VALUES (8, 'Лечение и восстановление волос', 'Описание', 1);
INSERT INTO services (id, name, description, category_id) VALUES (9, 'Мелирование волос', 'Описание', 1);
INSERT INTO services (id, name, description, category_id) VALUES (10, 'Наращивание волос', 'Описание', 1);
INSERT INTO services (id, name, description, category_id) VALUES (11, 'Окрашивание волос', 'Описание', 1);
INSERT INTO services (id, name, description, category_id) VALUES (12, 'Плетение', 'Описание', 1);
INSERT INTO services (id, name, description, category_id) VALUES (13, 'Стрижка', 'Описание', 1);
INSERT INTO services (id, name, description, category_id) VALUES (14, 'Тонирование волос', 'Описание', 1);
INSERT INTO services (id, name, description, category_id) VALUES (15, 'Укладка', 'Описание', 1);
INSERT INTO services (id, name, description, category_id) VALUES (16, 'Химическая завивка', 'Описание', 1);
INSERT INTO services (id, name, description, category_id) VALUES (17, 'Химическое распрямление', 'Описание', 1);
INSERT INTO services (id, name, description, category_id) VALUES (18, 'Экранирование', 'Описание', 1);
INSERT INTO services (id, name, description, category_id) VALUES (19, 'Элюминирование волос', 'Описание', 1);
INSERT INTO services (id, name, description, category_id) VALUES (20, 'Фитотерапия для волос', 'Описание', 1);
INSERT INTO services (id, name, description, category_id) VALUES (21, 'Аппаратный педикюр', 'Описание', 2);
INSERT INTO services (id, name, description, category_id) VALUES (22, 'Гелиевый педикюр', 'Описание', 2);
INSERT INTO services (id, name, description, category_id) VALUES (23, 'Европейский педикюр', 'Описание', 2);
INSERT INTO services (id, name, description, category_id) VALUES (24, 'Классический педикюр', 'Описание', 2);
INSERT INTO services (id, name, description, category_id) VALUES (25, 'Комбинированный педикюр', 'Описание', 2);
INSERT INTO services (id, name, description, category_id) VALUES (26, 'Мужской педикюр', 'Описание', 2);
INSERT INTO services (id, name, description, category_id) VALUES (27, 'Парафинотерапия', 'Описание', 2);
INSERT INTO services (id, name, description, category_id) VALUES (28, 'СПА педикюр', 'Описание', 2);
INSERT INTO services (id, name, description, category_id) VALUES (29, 'Шоколадный педикюр', 'Описание', 2);
INSERT INTO services (id, name, description, category_id) VALUES (30, 'Японский педикюр', 'Описание', 2);
INSERT INTO services (id, name, description, category_id) VALUES (31, 'Кислотный педикюр', 'Описание', 2);
INSERT INTO services (id, name, description, category_id) VALUES (32, 'LPG ролико-вакуумный массаж', 'Описание', 3);
INSERT INTO services (id, name, description, category_id) VALUES (33, 'Антицеллюлитный массаж', 'Описание', 3);
INSERT INTO services (id, name, description, category_id) VALUES (34, 'Арома-стоун терапия', 'Описание', 3);
INSERT INTO services (id, name, description, category_id) VALUES (35, 'Аромамассаж', 'Описание', 3);
INSERT INTO services (id, name, description, category_id) VALUES (36, 'Вакуумно-роликовый массаж', 'Описание', 3);
INSERT INTO services (id, name, description, category_id) VALUES (37, 'Вакуумный', 'Описание', 3);
INSERT INTO services (id, name, description, category_id) VALUES (38, 'Гавайский массаж', 'Описание', 3);
INSERT INTO services (id, name, description, category_id) VALUES (39, 'Гидромассаж', 'Описание', 3);
INSERT INTO services (id, name, description, category_id) VALUES (40, 'Дренаж', 'Описание', 3);
INSERT INTO services (id, name, description, category_id) VALUES (41, 'Европейский массаж', 'Описание', 3);
INSERT INTO services (id, name, description, category_id) VALUES (42, 'Испанский хиромассаж', 'Описание', 3);
INSERT INTO services (id, name, description, category_id) VALUES (43, 'Классический массаж', 'Описание', 3);
INSERT INTO services (id, name, description, category_id) VALUES (44, 'Коррекционный массаж', 'Описание', 3);
INSERT INTO services (id, name, description, category_id) VALUES (45, 'Лечебный массаж', 'Описание', 3);
INSERT INTO services (id, name, description, category_id) VALUES (46, 'Массаж внутренних органов', 'Описание', 3);
INSERT INTO services (id, name, description, category_id) VALUES (47, 'Массаж воротниковой зоны', 'Описание', 3);
INSERT INTO services (id, name, description, category_id) VALUES (48, 'Массаж лица', 'Описание', 3);
INSERT INTO services (id, name, description, category_id) VALUES (49, 'Массаж лица БИО-Дзен', 'Описание', 3);
INSERT INTO services (id, name, description, category_id) VALUES (50, 'Оздоровительный массаж', 'Описание', 3);
INSERT INTO services (id, name, description, category_id) VALUES (51, 'Пластический лифтинговый массаж лица', 'Описание', 3);
INSERT INTO services (id, name, description, category_id) VALUES (52, 'Рефлексология стоп', 'Описание', 3);
INSERT INTO services (id, name, description, category_id) VALUES (53, 'Русский СПА массаж', 'Описание', 3);
INSERT INTO services (id, name, description, category_id) VALUES (54, 'Ручной массаж', 'Описание', 3);
INSERT INTO services (id, name, description, category_id) VALUES (55, 'СПА-массаж', 'Описание', 3);
INSERT INTO services (id, name, description, category_id) VALUES (56, 'Спортивный массаж', 'Описание', 3);
INSERT INTO services (id, name, description, category_id) VALUES (57, 'Тайский массаж', 'Описание', 3);
INSERT INTO services (id, name, description, category_id) VALUES (58, 'Цигун массаж', 'Описание', 3);
INSERT INTO services (id, name, description, category_id) VALUES (59, 'Шиацу массаж', 'Описание', 3);
INSERT INTO services (id, name, description, category_id) VALUES (60, 'Аппаратный массаж', 'Описание', 3);
INSERT INTO services (id, name, description, category_id) VALUES (61, 'Вакуумная чистка', 'Описание', 4);
INSERT INTO services (id, name, description, category_id) VALUES (62, 'Кварцевый пилинг лица', 'Описание', 4);
INSERT INTO services (id, name, description, category_id) VALUES (63, 'Лечение угревой сыпи', 'Описание', 4);
INSERT INTO services (id, name, description, category_id) VALUES (64, 'Механическая чистка', 'Описание', 4);
INSERT INTO services (id, name, description, category_id) VALUES (65, 'Ручная чистка', 'Описание', 4);
INSERT INTO services (id, name, description, category_id) VALUES (66, 'Ультразвуковая чистка', 'Описание', 4);
INSERT INTO services (id, name, description, category_id) VALUES (67, 'Аква аэробика', 'Описание', 5);
INSERT INTO services (id, name, description, category_id) VALUES (68, 'Аэробика', 'Описание', 5);
INSERT INTO services (id, name, description, category_id) VALUES (69, 'Бассейн', 'Описание', 5);
INSERT INTO services (id, name, description, category_id) VALUES (70, 'Бодибилдинг', 'Описание', 5);
INSERT INTO services (id, name, description, category_id) VALUES (71, 'Боевые искусства', 'Описание', 5);
INSERT INTO services (id, name, description, category_id) VALUES (72, 'Волейбол', 'Описание', 5);
INSERT INTO services (id, name, description, category_id) VALUES (73, 'Детский фитнес', 'Описание', 5);
INSERT INTO services (id, name, description, category_id) VALUES (74, 'Единоборства', 'Описание', 5);
INSERT INTO services (id, name, description, category_id) VALUES (75, 'Йога', 'Описание', 5);
INSERT INTO services (id, name, description, category_id) VALUES (76, 'Кардиозона', 'Описание', 5);
INSERT INTO services (id, name, description, category_id) VALUES (77, 'Легрестлинг', 'Описание', 5);
INSERT INTO services (id, name, description, category_id) VALUES (78, 'Пауэрлифтинг', 'Описание', 5);
INSERT INTO services (id, name, description, category_id) VALUES (79, 'Пилатес', 'Описание', 5);
INSERT INTO services (id, name, description, category_id) VALUES (80, 'Силовая аэробика', 'Описание', 5);
INSERT INTO services (id, name, description, category_id) VALUES (81, 'Степ-аэробика', 'Описание', 5);
INSERT INTO services (id, name, description, category_id) VALUES (82, 'Танцы', 'Описание', 5);
INSERT INTO services (id, name, description, category_id) VALUES (83, 'Теннис', 'Описание', 5);
INSERT INTO services (id, name, description, category_id) VALUES (84, 'Тренажерный зал', 'Описание', 5);
INSERT INTO services (id, name, description, category_id) VALUES (85, 'Фитнес для будущих мам', 'Описание', 5);
INSERT INTO services (id, name, description, category_id) VALUES (86, 'Шейпинг', 'Описание', 5);
INSERT INTO services (id, name, description, category_id) VALUES (87, 'Йога-пилатес', 'Описание', 5);
INSERT INTO services (id, name, description, category_id) VALUES (88, 'Стрип-пластика', 'Описание', 5);
INSERT INTO services (id, name, description, category_id) VALUES (89, 'Фитнес бар', 'Описание', 5);
INSERT INTO services (id, name, description, category_id) VALUES (90, 'Танец живота', 'Описание', 5);
INSERT INTO services (id, name, description, category_id) VALUES (91, 'Реггетон', 'Описание', 5);
INSERT INTO services (id, name, description, category_id) VALUES (92, 'Занятия для беременных', 'Описание', 5);
INSERT INTO services (id, name, description, category_id) VALUES (93, 'Сайкл', 'Описание', 5);
INSERT INTO services (id, name, description, category_id) VALUES (94, 'Оздоровительная гимнастика', 'Описание', 5);
INSERT INTO services (id, name, description, category_id) VALUES (95, 'блефаропластика', 'Описание', 6);
INSERT INTO services (id, name, description, category_id) VALUES (96, 'липомоделирование', 'Описание', 6);
INSERT INTO services (id, name, description, category_id) VALUES (97, 'липосакция зоны лица', 'Описание', 6);
INSERT INTO services (id, name, description, category_id) VALUES (98, 'лифтинг лица и шеи', 'Описание', 6);
INSERT INTO services (id, name, description, category_id) VALUES (99, 'ментопластика', 'Описание', 6);
INSERT INTO services (id, name, description, category_id) VALUES (100, 'отопластика', 'Описание', 6);
INSERT INTO services (id, name, description, category_id) VALUES (101, 'пластика рубцов', 'Описание', 6);
INSERT INTO services (id, name, description, category_id) VALUES (102, 'ринопластика', 'Описание', 6);
INSERT INTO services (id, name, description, category_id) VALUES (103, 'абдоминопластика', 'Описание', 6);
INSERT INTO services (id, name, description, category_id) VALUES (104, 'интимно-эстетическая пластика', 'Описание', 6);
INSERT INTO services (id, name, description, category_id) VALUES (105, 'коррекция формы ног и ягодиц', 'Описание', 6);
INSERT INTO services (id, name, description, category_id) VALUES (106, 'липосакция', 'Описание', 6);
INSERT INTO services (id, name, description, category_id) VALUES (107, 'маммапластика', 'Описание', 6);
INSERT INTO services (id, name, description, category_id) VALUES (108, 'эндопротезирование', 'Описание', 6);
INSERT INTO services (id, name, description, category_id) VALUES (109, 'психолог', 'Описание', 7);
INSERT INTO services (id, name, description, category_id) VALUES (110, 'стилист', 'Описание', 7);
INSERT INTO services (id, name, description, category_id) VALUES (111, 'Аквариумный дизайн', 'Описание', 8);
INSERT INTO services (id, name, description, category_id) VALUES (112, 'Аппаратный маникюр', 'Описание', 8);
INSERT INTO services (id, name, description, category_id) VALUES (113, 'Базовый маникюр', 'Описание', 8);
INSERT INTO services (id, name, description, category_id) VALUES (114, 'Гелиевый маникюр', 'Описание', 8);
INSERT INTO services (id, name, description, category_id) VALUES (115, 'Горячий маникюр', 'Описание', 8);
INSERT INTO services (id, name, description, category_id) VALUES (116, 'Дизайн ногтей', 'Описание', 8);
INSERT INTO services (id, name, description, category_id) VALUES (117, 'Европейский маникюр', 'Описание', 8);
INSERT INTO services (id, name, description, category_id) VALUES (118, 'Классический маникюр', 'Описание', 8);
INSERT INTO services (id, name, description, category_id) VALUES (119, 'Мужской маникюр', 'Описание', 8);
INSERT INTO services (id, name, description, category_id) VALUES (120, 'Наращивание и укрепление ногтей биогелем', 'Описание', 8);
INSERT INTO services (id, name, description, category_id) VALUES (121, 'Наращивание ногтей', 'Описание', 8);
INSERT INTO services (id, name, description, category_id) VALUES (122, 'Парафинотерапия', 'Описание', 8);
INSERT INTO services (id, name, description, category_id) VALUES (123, 'Свадебный маникюр', 'Описание', 8);
INSERT INTO services (id, name, description, category_id) VALUES (124, 'СПА-маникюр', 'Описание', 8);
INSERT INTO services (id, name, description, category_id) VALUES (125, 'Французский маникюр', 'Описание', 8);
INSERT INTO services (id, name, description, category_id) VALUES (126, 'Японский маникюр', 'Описание', 8);
INSERT INTO services (id, name, description, category_id) VALUES (127, 'Биогель', 'Описание', 8);
INSERT INTO services (id, name, description, category_id) VALUES (128, 'Наращивание и укрепление ногтей гелем', 'Описание', 8);
INSERT INTO services (id, name, description, category_id) VALUES (129, 'Наращивание и укрепление ногтей акрилом', 'Описание', 8);
INSERT INTO services (id, name, description, category_id) VALUES (130, 'Экспресс маникюр', 'Описание', 8);
INSERT INTO services (id, name, description, category_id) VALUES (131, 'Наращивание и укрепление ногтей воском', 'Описание', 8);
INSERT INTO services (id, name, description, category_id) VALUES (132, 'Лечение и восстановление ногтей и кожи рук', 'Описание', 8);
INSERT INTO services (id, name, description, category_id) VALUES (133, 'Покрытие ногтей гель-лаком', 'Описание', 8);
INSERT INTO services (id, name, description, category_id) VALUES (134, 'Креатюр', 'Описание', 8);
INSERT INTO services (id, name, description, category_id) VALUES (135, 'Авторская работа', 'Описание', 8);
INSERT INTO services (id, name, description, category_id) VALUES (136, 'Покрытие ногтей гель-лаком SHELLAC', 'Описание', 8);
INSERT INTO services (id, name, description, category_id) VALUES (137, 'LPG', 'Описание', 9);
INSERT INTO services (id, name, description, category_id) VALUES (138, 'Автозагар', 'Описание', 9);
INSERT INTO services (id, name, description, category_id) VALUES (139, 'Аппаратная косметология', 'Описание', 9);
INSERT INTO services (id, name, description, category_id) VALUES (140, 'Бальнеотерапия', 'Описание', 9);
INSERT INTO services (id, name, description, category_id) VALUES (141, 'Биоревитализация', 'Описание', 9);
INSERT INTO services (id, name, description, category_id) VALUES (142, 'Биоэпиляция тела', 'Описание', 9);
INSERT INTO services (id, name, description, category_id) VALUES (143, 'Ботокс', 'Описание', 9);
INSERT INTO services (id, name, description, category_id) VALUES (144, 'Визаж', 'Описание', 9);
INSERT INTO services (id, name, description, category_id) VALUES (145, 'Дарсонвализация', 'Описание', 9);
INSERT INTO services (id, name, description, category_id) VALUES (146, 'Депиляция воском', 'Описание', 9);
INSERT INTO services (id, name, description, category_id) VALUES (147, 'Дермотония', 'Описание', 9);
INSERT INTO services (id, name, description, category_id) VALUES (148, 'Диетология', 'Описание', 9);
INSERT INTO services (id, name, description, category_id) VALUES (149, 'Диспорт', 'Описание', 9);
INSERT INTO services (id, name, description, category_id) VALUES (150, 'Завивка ресниц', 'Описание', 9);
INSERT INTO services (id, name, description, category_id) VALUES (151, 'Клеточная терапия', 'Описание', 9);
INSERT INTO services (id, name, description, category_id) VALUES (152, 'Коллагеновые процедуры', 'Описание', 9);
INSERT INTO services (id, name, description, category_id) VALUES (153, 'Контурная пластика', 'Описание', 9);
INSERT INTO services (id, name, description, category_id) VALUES (154, 'Космомеханика на Lift-6', 'Описание', 9);
INSERT INTO services (id, name, description, category_id) VALUES (155, 'Крио-обертывания тела', 'Описание', 9);
INSERT INTO services (id, name, description, category_id) VALUES (156, 'Лазерное омоложение', 'Описание', 9);
INSERT INTO services (id, name, description, category_id) VALUES (157, 'Лазерное удаление сосудов', 'Описание', 9);
INSERT INTO services (id, name, description, category_id) VALUES (158, 'Лазерное удаление татуировок', 'Описание', 9);
INSERT INTO services (id, name, description, category_id) VALUES (159, 'Липолиз', 'Описание', 9);
INSERT INTO services (id, name, description, category_id) VALUES (160, 'Лифтинг', 'Описание', 9);
INSERT INTO services (id, name, description, category_id) VALUES (161, 'Макияж', 'Описание', 9);
INSERT INTO services (id, name, description, category_id) VALUES (162, 'Маски', 'Описание', 9);
INSERT INTO services (id, name, description, category_id) VALUES (163, 'Мезотерапия', 'Описание', 9);
INSERT INTO services (id, name, description, category_id) VALUES (164, 'Микрокристаллическая дермабразия', 'Описание', 9);
INSERT INTO services (id, name, description, category_id) VALUES (165, 'Микротоковая терапия', 'Описание', 9);
INSERT INTO services (id, name, description, category_id) VALUES (166, 'Миостимуляция', 'Описание', 9);
INSERT INTO services (id, name, description, category_id) VALUES (167, 'Наращивание ресниц', 'Описание', 9);
INSERT INTO services (id, name, description, category_id) VALUES (168, 'Обертывание', 'Описание', 9);
INSERT INTO services (id, name, description, category_id) VALUES (169, 'Озонотерапия', 'Описание', 9);
INSERT INTO services (id, name, description, category_id) VALUES (170, 'Окрашивание бровей и ресниц', 'Описание', 9);
INSERT INTO services (id, name, description, category_id) VALUES (171, 'Оксимезотерапия', 'Описание', 9);
INSERT INTO services (id, name, description, category_id) VALUES (172, 'Омолаживающие программы для лица', 'Описание', 9);
INSERT INTO services (id, name, description, category_id) VALUES (173, 'Отбеливание кожи', 'Описание', 9);
INSERT INTO services (id, name, description, category_id) VALUES (174, 'Перманентный макияж', 'Описание', 9);
INSERT INTO services (id, name, description, category_id) VALUES (175, 'Пилинг', 'Описание', 9);
INSERT INTO services (id, name, description, category_id) VALUES (176, 'Процедуры по уходу за лицом', 'Описание', 9);
INSERT INTO services (id, name, description, category_id) VALUES (177, 'Себорегулирующие процедуры', 'Описание', 9);
INSERT INTO services (id, name, description, category_id) VALUES (178, 'Соляная пещера', 'Описание', 9);
INSERT INTO services (id, name, description, category_id) VALUES (179, 'Сонодермия', 'Описание', 9);
INSERT INTO services (id, name, description, category_id) VALUES (180, 'Спа-уходы', 'Описание', 9);
INSERT INTO services (id, name, description, category_id) VALUES (181, 'Талассотерапия', 'Описание', 9);
INSERT INTO services (id, name, description, category_id) VALUES (182, 'Татуировки', 'Описание', 9);
INSERT INTO services (id, name, description, category_id) VALUES (183, 'Термолифтинг', 'Описание', 9);
INSERT INTO services (id, name, description, category_id) VALUES (184, 'Удаление папиллом и бородавок', 'Описание', 9);
INSERT INTO services (id, name, description, category_id) VALUES (185, 'Ультразвуковая терапия', 'Описание', 9);
INSERT INTO services (id, name, description, category_id) VALUES (186, 'Ультразвуковой массаж лица', 'Описание', 9);
INSERT INTO services (id, name, description, category_id) VALUES (187, 'Ультразвуковой пилинг', 'Описание', 9);
INSERT INTO services (id, name, description, category_id) VALUES (188, 'Уходы за лицом', 'Описание', 9);
INSERT INTO services (id, name, description, category_id) VALUES (189, 'Фотоомоложение', 'Описание', 9);
INSERT INTO services (id, name, description, category_id) VALUES (190, 'Фотоэпиляция', 'Описание', 9);
INSERT INTO services (id, name, description, category_id) VALUES (191, 'Химический пилинг', 'Описание', 9);
INSERT INTO services (id, name, description, category_id) VALUES (192, 'Электрокоагуляция сосудов', 'Описание', 9);
INSERT INTO services (id, name, description, category_id) VALUES (193, 'Эпиляция', 'Описание', 9);
INSERT INTO services (id, name, description, category_id) VALUES (194, 'Эпиляция сахарной пастой', 'Описание', 9);
INSERT INTO services (id, name, description, category_id) VALUES (195, 'Тепловая кабина', 'Описание', 9);
INSERT INTO services (id, name, description, category_id) VALUES (196, 'Прессотерапия', 'Описание', 9);
INSERT INTO services (id, name, description, category_id) VALUES (197, 'Парафинотерапия', 'Описание', 9);
INSERT INTO services (id, name, description, category_id) VALUES (198, 'Услуги врача дерматокосметолога', 'Описание', 9);
INSERT INTO services (id, name, description, category_id) VALUES (199, 'Косметология', 'Описание', 9);
INSERT INTO services (id, name, description, category_id) VALUES (200, 'Татуаж', 'Описание', 9);
INSERT INTO services (id, name, description, category_id) VALUES (201, 'Пирсинг', 'Описание', 9);
INSERT INTO services (id, name, description, category_id) VALUES (202, 'SPA-капсула', 'Описание', 9);
INSERT INTO services (id, name, description, category_id) VALUES (203, 'Спа-капсула', 'Описание', 9);
INSERT INTO services (id, name, description, category_id) VALUES (204, 'Мезолифтинг', 'Описание', 9);
INSERT INTO services (id, name, description, category_id) VALUES (205, 'Индивидуальные SPA-программы', 'Описание', 9);
INSERT INTO services (id, name, description, category_id) VALUES (206, 'Однодневные групповые SPA-программы ', 'Описание', 9);
INSERT INTO services (id, name, description, category_id) VALUES (207, 'Алмазный пилинг', 'Описание', 9);
INSERT INTO services (id, name, description, category_id) VALUES (208, 'Радиолифтинг', 'Описание', 9);
INSERT INTO services (id, name, description, category_id) VALUES (209, 'Гидромеханопилинг', 'Описание', 9);
INSERT INTO services (id, name, description, category_id) VALUES (210, 'Безинъекционная мезотерапия', 'Описание', 9);
INSERT INTO services (id, name, description, category_id) VALUES (211, 'Омолаживающие программы', 'Описание', 9);
INSERT INTO services (id, name, description, category_id) VALUES (212, 'Вертикальный турбосолярий', 'Описание', 10);
INSERT INTO services (id, name, description, category_id) VALUES (213, 'Горизонтальный турбосолярий', 'Описание', 10);
INSERT INTO services (id, name, description, category_id) VALUES (214, 'Горизонтальный турбосолярий', 'Описание', 10);
INSERT INTO services (id, name, description, category_id) VALUES (215, 'Солярий', 'Описание', 10);
INSERT INTO services (id, name, description, category_id) VALUES (216, 'Моментальный загар', 'Описание', 10);
INSERT INTO services (id, name, description, category_id) VALUES (217, 'Джакузи', 'Описание', 11);
INSERT INTO services (id, name, description, category_id) VALUES (218, 'Сауна', 'Описание', 11);
INSERT INTO services (id, name, description, category_id) VALUES (219, 'Баня', 'Описание', 11);
INSERT INTO services (id, name, description, category_id) VALUES (220, 'Русская баня', 'Описание', 11);
INSERT INTO services (id, name, description, category_id) VALUES (221, 'Турецкая баня', 'Описание', 11);
INSERT INTO services (id, name, description, category_id) VALUES (222, 'Финская сауна', 'Описание', 11);
INSERT INTO services (id, name, description, category_id) VALUES (223, 'Фитобочка', 'Описание', 11);
INSERT INTO services (id, name, description, category_id) VALUES (224, 'Скипидарные ванны', 'Описание', 11);
INSERT INTO services (id, name, description, category_id) VALUES (225, 'Инфракрасная сауна', 'Описание', 11);
INSERT INTO services (id, name, description, category_id) VALUES (226, 'Фитопаросауна', 'Описание', 11);
INSERT INTO services (id, name, description, category_id) VALUES (227, 'Хамам', 'Описание', 11);
INSERT INTO services (id, name, description, category_id) VALUES (228, 'Кедровая бочка', 'Описание', 11);
INSERT INTO services (id, name, description, category_id) VALUES (229, 'Инфракрасная кабина', 'Описание', 11);
INSERT INTO services (id, name, description, category_id) VALUES (230, 'Аромафитокомплекс «Ароматика»', 'Описание', 11);
INSERT INTO services (id, name, description, category_id) VALUES (231, 'Лечение кариеса', 'Описание', 12);
INSERT INTO services (id, name, description, category_id) VALUES (232, 'Протезирование зубов', 'Описание', 12);
INSERT INTO services (id, name, description, category_id) VALUES (233, 'Исправление прикуса', 'Описание', 12);
INSERT INTO services (id, name, description, category_id) VALUES (234, 'Хирургия', 'Описание', 12);
INSERT INTO services (id, name, description, category_id) VALUES (235, 'Имплантация зубов', 'Описание', 12);
INSERT INTO services (id, name, description, category_id) VALUES (236, 'Гигиена', 'Описание', 12);
INSERT INTO services (id, name, description, category_id) VALUES (237, 'Детская стоматология', 'Описание', 12);
INSERT INTO services (id, name, description, category_id) VALUES (238, 'Детская хирургия', 'Описание', 12);
INSERT INTO services (id, name, description, category_id) VALUES (239, 'Лечение десен', 'Описание', 12);
INSERT INTO services (id, name, description, category_id) VALUES (240, 'Эстетическая стоматология', 'Описание', 12);
INSERT INTO services (id, name, description, category_id) VALUES (241, 'Отбеливание зубов', 'Описание', 12);
INSERT INTO services (id, name, description, category_id) VALUES (242, 'Лечение каналов', 'Описание', 12);
INSERT INTO services (id, name, description, category_id) VALUES (243, 'Лечение озоном', 'Описание', 12);
INSERT INTO services (id, name, description, category_id) VALUES (244, 'Отбеливание зубов ZOOM', 'Описание', 12);
INSERT INTO services (id, name, description, category_id) VALUES (245, 'Лечение под наркозом', 'Описание', 12);
INSERT INTO services (id, name, description, category_id) VALUES (246, 'Томография', 'Описание', 12);
INSERT INTO services (id, name, description, category_id) VALUES (247, 'Нуга Бест', 'Описание', 13);
INSERT INTO services (id, name, description, category_id) VALUES (248, 'Соляная пещера', 'Описание', 13);
INSERT INTO services (id, name, description, category_id) VALUES (249, 'Пантовые ванны', 'Описание', 13);
INSERT INTO services (id, name, description, category_id) VALUES (250, 'Аромафитокомплекс «Ароматика»', 'Описание', 13);
INSERT INTO companies_services (company_id, service_id) VALUES (2, 1);
INSERT INTO companies_services (company_id, service_id) VALUES (2, 2);
INSERT INTO companies_services (company_id, service_id) VALUES (3, 3);
INSERT INTO companies_services (company_id, service_id) VALUES (3, 4);